model,score_val,eval_metric,pred_time_val,fit_time,pred_time_val_marginal,fit_time_marginal,stack_level,can_infer,fit_order,num_features,num_models,num_models_w_ancestors,memory_size,memory_size_w_ancestors,memory_size_min,memory_size_min_w_ancestors,num_ancestors,num_descendants,model_type,child_model_type,stopping_metric,hyperparameters,hyperparameters_fit,ag_args_fit,features,compile_time,child_hyperparameters,child_hyperparameters_fit,child_ag_args_fit,ancestors,descendants
WeightedEnsemble_L3,-9.46027401220539,root_mean_squared_error,6.023579359054565,66.45803236961365,0.0,0.031180381774902344,3,True,26,4,1,13,5233,553165940,5233,100428347,12,0,WeightedEnsembleModel,GreedyWeightedEnsembleModel,root_mean_squared_error,"{'use_orig_features': False, 'valid_stacker': True, 'max_base_models': 0, 'max_base_models_per_type': 'auto', 'save_bag_folds': True, 'stratify': 'auto', 'bin': 'auto', 'n_bins': None, 'vary_seed_across_folds': False, 'model_random_seed': 0}",{},"{'max_memory_usage_ratio': 1.0, 'max_time_limit_ratio': 1.0, 'max_time_limit': None, 'min_time_limit': 0, 'valid_raw_types': None, 'valid_special_types': None, 'ignored_type_group_special': None, 'ignored_type_group_raw': None, 'get_features_kwargs': None, 'get_features_kwargs_extra': None, 'predict_1_batch_size': None, 'temperature_scalar': None, 'drop_unique': False}","['ExtraTrees_r178_BAG_L2', 'RandomForest_r127_BAG_L2', 'ExtraTrees_r42_BAG_L2', 'ExtraTrees_r172_BAG_L2']",,"{'ensemble_size': 25, 'subsample_size': 1000000}",{'ensemble_size': 24},"{'max_memory_usage_ratio': 1.0, 'max_time_limit_ratio': 1.0, 'max_time_limit': None, 'min_time_limit': 0, 'valid_raw_types': None, 'valid_special_types': None, 'ignored_type_group_special': None, 'ignored_type_group_raw': None, 'get_features_kwargs': None, 'get_features_kwargs_extra': None, 'predict_1_batch_size': None, 'temperature_scalar': None, 'drop_unique': False}","['RandomForestMSE_BAG_L1', 'ExtraTrees_r178_BAG_L2', 'ExtraTrees_r42_BAG_L2', 'ExtraTrees_r172_BAG_L2', 'RandomForest_r127_BAG_L1', 'ExtraTrees_r178_BAG_L1', 'ExtraTrees_r172_BAG_L1', 'RandomForest_r15_BAG_L1', 'ExtraTrees_r197_BAG_L1', 'RandomForest_r127_BAG_L2', 'ExtraTrees_r4_BAG_L1', 'RandomForest_r39_BAG_L1']",[]
ExtraTrees_r172_BAG_L2,-9.476337397870221,root_mean_squared_error,4.165990114212036,42.00367856025696,0.8278079032897949,2.6719236373901367,2,True,16,69,1,9,54396813,392080544,54396813,100428347,8,1,StackerEnsembleModel,XTModel,root_mean_squared_error,"{'use_orig_features': True, 'valid_stacker': True, 'max_base_models': 0, 'max_base_models_per_type': 'auto', 'save_bag_folds': True, 'stratify': 'auto', 'bin': 'auto', 'n_bins': None, 'vary_seed_across_folds': False, 'use_child_oof': True, 'fold_fitting_strategy': 'sequential', 'model_random_seed': 0}",{},"{'max_memory_usage_ratio': 1.0, 'max_time_limit_ratio': 1.0, 'max_time_limit': None, 'min_time_limit': 0, 'valid_raw_types': None, 'valid_special_types': None, 'ignored_type_group_special': None, 'ignored_type_group_raw': None, 'get_features_kwargs': None, 'get_features_kwargs_extra': None, 'predict_1_batch_size': None, 'temperature_scalar': None, 'drop_unique': False}","['cv_quality_score', 'max_tech_score', 'avg_tech_score', 'backend_score', 'hobby', 'presentation_score', 'avg_interview_score', 'teamwork_score', 'communication_score', 'ExtraTrees_r172_BAG_L1', 'hackathon_count', 'cgpa', 'num_low_tech_scores', 'interview_score_diff', 'total_practical_experience', 'failed_courses_count', 'problem_solving_score', 'attendance_rate', 'preferred_social_media_platform', 'coding_score', 'age', 'data_structures_score', 'hackathon_awards', 'applications_sent', 'internship_count', 'min_tech_score', 'std_tech_score', 'cloud_score', 'num_high_tech_scores', 'academic_perf_index', 'internship_duration_months', 'interview_conversion_rate', 'profile_strength_score', 'machine_learning_score', 'english_exam_score', 'open_source_contribution_count', 'ExtraTrees_r4_BAG_L1', 'leadership_score', 'portfolio_score', 'department', 'real_client_project_count', 'github_avg_stars', 'github_repo_count', 'bootcamp_count', 'frontend_score', 'application_year', 'technical_interview_score', 'RandomForest_r15_BAG_L1', 'linkedin_profile_score', 'university_tier', 'std_social_score', 'RandomForestMSE_BAG_L1', 'sql_score', 'certification_count', 'avg_social_score', 'target_role', 'graduation_year', 'github_impact', 'RandomForest_r127_BAG_L1', 'hackathon_award_ratio', 'ExtraTrees_r178_BAG_L1', 'freelance_project_count', 'hr_interview_score', 'interviews_attended', 'devops_score', 'project_quality_score', 'max_social_score', 'ExtraTrees_r197_BAG_L1', 'RandomForest_r39_BAG_L1']",,"{'n_estimators': 300, 'max_leaf_nodes': 12845, 'n_jobs': -1, 'bootstrap': True, 'max_features': 1.0, 'min_samples_leaf': 4, 'random_state': 0}",{'n_estimators': 300},"{'max_memory_usage_ratio': 1.0, 'max_time_limit_ratio': 1.0, 'max_time_limit': None, 'min_time_limit': 0, 'valid_raw_types': ['bool', 'int', 'float', 'category'], 'valid_special_types': None, 'ignored_type_group_special': None, 'ignored_type_group_raw': None, 'get_features_kwargs': None, 'get_features_kwargs_extra': None, 'predict_1_batch_size': None, 'temperature_scalar': None}","['RandomForestMSE_BAG_L1', 'RandomForest_r127_BAG_L1', 'ExtraTrees_r178_BAG_L1', 'ExtraTrees_r172_BAG_L1', 'RandomForest_r15_BAG_L1', 'ExtraTrees_r197_BAG_L1', 'ExtraTrees_r4_BAG_L1', 'RandomForest_r39_BAG_L1']",['WeightedEnsemble_L3']
ExtraTrees_r178_BAG_L2,-9.478611303844096,root_mean_squared_error,3.976534843444824,41.58173418045044,0.638352632522583,2.249979257583618,2,True,22,69,1,9,45353483,383037214,45353483,100428347,8,1,StackerEnsembleModel,XTModel,root_mean_squared_error,"{'use_orig_features': True, 'valid_stacker': True, 'max_base_models': 0, 'max_base_models_per_type': 'auto', 'save_bag_folds': True, 'stratify': 'auto', 'bin': 'auto', 'n_bins': None, 'vary_seed_across_folds': False, 'use_child_oof': True, 'fold_fitting_strategy': 'sequential', 'model_random_seed': 0}",{},"{'max_memory_usage_ratio': 1.0, 'max_time_limit_ratio': 1.0, 'max_time_limit': None, 'min_time_limit': 0, 'valid_raw_types': None, 'valid_special_types': None, 'ignored_type_group_special': None, 'ignored_type_group_raw': None, 'get_features_kwargs': None, 'get_features_kwargs_extra': None, 'predict_1_batch_size': None, 'temperature_scalar': None, 'drop_unique': False}","['cv_quality_score', 'max_tech_score', 'avg_tech_score', 'backend_score', 'hobby', 'presentation_score', 'avg_interview_score', 'teamwork_score', 'communication_score', 'ExtraTrees_r172_BAG_L1', 'hackathon_count', 'cgpa', 'num_low_tech_scores', 'interview_score_diff', 'total_practical_experience', 'failed_courses_count', 'problem_solving_score', 'attendance_rate', 'preferred_social_media_platform', 'coding_score', 'age', 'data_structures_score', 'hackathon_awards', 'applications_sent', 'internship_count', 'min_tech_score', 'std_tech_score', 'cloud_score', 'num_high_tech_scores', 'academic_perf_index', 'internship_duration_months', 'interview_conversion_rate', 'profile_strength_score', 'machine_learning_score', 'english_exam_score', 'open_source_contribution_count', 'ExtraTrees_r4_BAG_L1', 'leadership_score', 'portfolio_score', 'department', 'real_client_project_count', 'github_avg_stars', 'github_repo_count', 'bootcamp_count', 'frontend_score', 'application_year', 'technical_interview_score', 'RandomForest_r15_BAG_L1', 'linkedin_profile_score', 'university_tier', 'std_social_score', 'RandomForestMSE_BAG_L1', 'sql_score', 'certification_count', 'avg_social_score', 'target_role', 'graduation_year', 'github_impact', 'RandomForest_r127_BAG_L1', 'hackathon_award_ratio', 'ExtraTrees_r178_BAG_L1', 'freelance_project_count', 'hr_interview_score', 'interviews_attended', 'devops_score', 'project_quality_score', 'max_social_score', 'ExtraTrees_r197_BAG_L1', 'RandomForest_r39_BAG_L1']",,"{'n_estimators': 300, 'max_leaf_nodes': 29813, 'n_jobs': -1, 'bootstrap': True, 'max_features': 0.75, 'min_samples_leaf': 4, 'random_state': 0}",{'n_estimators': 250},"{'max_memory_usage_ratio': 1.0, 'max_time_limit_ratio': 1.0, 'max_time_limit': None, 'min_time_limit': 0, 'valid_raw_types': ['bool', 'int', 'float', 'category'], 'valid_special_types': None, 'ignored_type_group_special': None, 'ignored_type_group_raw': None, 'get_features_kwargs': None, 'get_features_kwargs_extra': None, 'predict_1_batch_size': None, 'temperature_scalar': None}","['RandomForestMSE_BAG_L1', 'RandomForest_r127_BAG_L1', 'ExtraTrees_r178_BAG_L1', 'ExtraTrees_r172_BAG_L1', 'RandomForest_r15_BAG_L1', 'ExtraTrees_r197_BAG_L1', 'ExtraTrees_r4_BAG_L1', 'RandomForest_r39_BAG_L1']",['WeightedEnsemble_L3']
ExtraTrees_r4_BAG_L2,-9.517784429384347,root_mean_squared_error,3.8636491298675537,41.12086486816406,0.5254669189453125,1.7891099452972412,2,True,21,69,1,9,10335631,348019362,10335631,100428347,8,0,StackerEnsembleModel,XTModel,root_mean_squared_error,"{'use_orig_features': True, 'valid_stacker': True, 'max_base_models': 0, 'max_base_models_per_type': 'auto', 'save_bag_folds': True, 'stratify': 'auto', 'bin': 'auto', 'n_bins': None, 'vary_seed_across_folds': False, 'use_child_oof': True, 'fold_fitting_strategy': 'sequential', 'model_random_seed': 0}",{},"{'max_memory_usage_ratio': 1.0, 'max_time_limit_ratio': 1.0, 'max_time_limit': None, 'min_time_limit': 0, 'valid_raw_types': None, 'valid_special_types': None, 'ignored_type_group_special': None, 'ignored_type_group_raw': None, 'get_features_kwargs': None, 'get_features_kwargs_extra': None, 'predict_1_batch_size': None, 'temperature_scalar': None, 'drop_unique': False}","['cv_quality_score', 'max_tech_score', 'avg_tech_score', 'backend_score', 'hobby', 'presentation_score', 'avg_interview_score', 'teamwork_score', 'communication_score', 'ExtraTrees_r172_BAG_L1', 'hackathon_count', 'cgpa', 'num_low_tech_scores', 'interview_score_diff', 'total_practical_experience', 'failed_courses_count', 'problem_solving_score', 'attendance_rate', 'preferred_social_media_platform', 'coding_score', 'age', 'data_structures_score', 'hackathon_awards', 'applications_sent', 'internship_count', 'min_tech_score', 'std_tech_score', 'cloud_score', 'num_high_tech_scores', 'academic_perf_index', 'internship_duration_months', 'interview_conversion_rate', 'profile_strength_score', 'machine_learning_score', 'english_exam_score', 'open_source_contribution_count', 'ExtraTrees_r4_BAG_L1', 'leadership_score', 'portfolio_score', 'department', 'real_client_project_count', 'github_avg_stars', 'github_repo_count', 'bootcamp_count', 'frontend_score', 'application_year', 'technical_interview_score', 'RandomForest_r15_BAG_L1', 'linkedin_profile_score', 'university_tier', 'std_social_score', 'RandomForestMSE_BAG_L1', 'sql_score', 'certification_count', 'avg_social_score', 'target_role', 'graduation_year', 'github_impact', 'RandomForest_r127_BAG_L1', 'hackathon_award_ratio', 'ExtraTrees_r178_BAG_L1', 'freelance_project_count', 'hr_interview_score', 'interviews_attended', 'devops_score', 'project_quality_score', 'max_social_score', 'ExtraTrees_r197_BAG_L1', 'RandomForest_r39_BAG_L1']",,"{'n_estimators': 300, 'max_leaf_nodes': 19935, 'n_jobs': -1, 'bootstrap': True, 'max_features': 1.0, 'min_samples_leaf': 20, 'random_state': 0}",{'n_estimators': 300},"{'max_memory_usage_ratio': 1.0, 'max_time_limit_ratio': 1.0, 'max_time_limit': None, 'min_time_limit': 0, 'valid_raw_types': ['bool', 'int', 'float', 'category'], 'valid_special_types': None, 'ignored_type_group_special': None, 'ignored_type_group_raw': None, 'get_features_kwargs': None, 'get_features_kwargs_extra': None, 'predict_1_batch_size': None, 'temperature_scalar': None}","['RandomForestMSE_BAG_L1', 'RandomForest_r127_BAG_L1', 'ExtraTrees_r178_BAG_L1', 'ExtraTrees_r172_BAG_L1', 'RandomForest_r15_BAG_L1', 'ExtraTrees_r197_BAG_L1', 'ExtraTrees_r4_BAG_L1', 'RandomForest_r39_BAG_L1']",[]
RandomForest_r127_BAG_L2,-9.541962158314426,root_mean_squared_error,4.09471321105957,59.70321798324585,0.7565310001373291,20.37146306037903,2,True,19,69,1,9,43063869,380747600,43063869,100428347,8,1,StackerEnsembleModel,RFModel,root_mean_squared_error,"{'use_orig_features': True, 'valid_stacker': True, 'max_base_models': 0, 'max_base_models_per_type': 'auto', 'save_bag_folds': True, 'stratify': 'auto', 'bin': 'auto', 'n_bins': None, 'vary_seed_across_folds': False, 'use_child_oof': True, 'fold_fitting_strategy': 'sequential', 'model_random_seed': 0}",{},"{'max_memory_usage_ratio': 1.0, 'max_time_limit_ratio': 1.0, 'max_time_limit': None, 'min_time_limit': 0, 'valid_raw_types': None, 'valid_special_types': None, 'ignored_type_group_special': None, 'ignored_type_group_raw': None, 'get_features_kwargs': None, 'get_features_kwargs_extra': None, 'predict_1_batch_size': None, 'temperature_scalar': None, 'drop_unique': False}","['cv_quality_score', 'max_tech_score', 'avg_tech_score', 'backend_score', 'hobby', 'presentation_score', 'avg_interview_score', 'teamwork_score', 'communication_score', 'ExtraTrees_r172_BAG_L1', 'hackathon_count', 'cgpa', 'num_low_tech_scores', 'interview_score_diff', 'total_practical_experience', 'failed_courses_count', 'problem_solving_score', 'attendance_rate', 'preferred_social_media_platform', 'coding_score', 'age', 'data_structures_score', 'hackathon_awards', 'applications_sent', 'internship_count', 'min_tech_score', 'std_tech_score', 'cloud_score', 'num_high_tech_scores', 'academic_perf_index', 'internship_duration_months', 'interview_conversion_rate', 'profile_strength_score', 'machine_learning_score', 'english_exam_score', 'open_source_contribution_count', 'ExtraTrees_r4_BAG_L1', 'leadership_score', 'portfolio_score', 'department', 'real_client_project_count', 'github_avg_stars', 'github_repo_count', 'bootcamp_count', 'frontend_score', 'application_year', 'technical_interview_score', 'RandomForest_r15_BAG_L1', 'linkedin_profile_score', 'university_tier', 'std_social_score', 'RandomForestMSE_BAG_L1', 'sql_score', 'certification_count', 'avg_social_score', 'target_role', 'graduation_year', 'github_impact', 'RandomForest_r127_BAG_L1', 'hackathon_award_ratio', 'ExtraTrees_r178_BAG_L1', 'freelance_project_count', 'hr_interview_score', 'interviews_attended', 'devops_score', 'project_quality_score', 'max_social_score', 'ExtraTrees_r197_BAG_L1', 'RandomForest_r39_BAG_L1']",,"{'n_estimators': 300, 'max_leaf_nodes': 38572, 'n_jobs': -1, 'bootstrap': True, 'max_features': 1.0, 'min_samples_leaf': 5, 'random_state': 0}",{'n_estimators': 300},"{'max_memory_usage_ratio': 1.0, 'max_time_limit_ratio': 1.0, 'max_time_limit': None, 'min_time_limit': 0, 'valid_raw_types': ['bool', 'int', 'float', 'category'], 'valid_special_types': None, 'ignored_type_group_special': None, 'ignored_type_group_raw': None, 'get_features_kwargs': None, 'get_features_kwargs_extra': None, 'predict_1_batch_size': None, 'temperature_scalar': None}","['RandomForestMSE_BAG_L1', 'RandomForest_r127_BAG_L1', 'ExtraTrees_r178_BAG_L1', 'ExtraTrees_r172_BAG_L1', 'RandomForest_r15_BAG_L1', 'ExtraTrees_r197_BAG_L1', 'ExtraTrees_r4_BAG_L1', 'RandomForest_r39_BAG_L1']",['WeightedEnsemble_L3']
RandomForest_r34_BAG_L2,-9.554109363062707,root_mean_squared_error,4.257642984390259,47.70184946060181,0.9194607734680176,8.370094537734985,2,True,20,69,1,9,5284991,342968722,5284991,100428347,8,0,StackerEnsembleModel,RFModel,root_mean_squared_error,"{'use_orig_features': True, 'valid_stacker': True, 'max_base_models': 0, 'max_base_models_per_type': 'auto', 'save_bag_folds': True, 'stratify': 'auto', 'bin': 'auto', 'n_bins': None, 'vary_seed_across_folds': False, 'use_child_oof': True, 'fold_fitting_strategy': 'sequential', 'model_random_seed': 0}",{},"{'max_memory_usage_ratio': 1.0, 'max_time_limit_ratio': 1.0, 'max_time_limit': None, 'min_time_limit': 0, 'valid_raw_types': None, 'valid_special_types': None, 'ignored_type_group_special': None, 'ignored_type_group_raw': None, 'get_features_kwargs': None, 'get_features_kwargs_extra': None, 'predict_1_batch_size': None, 'temperature_scalar': None, 'drop_unique': False}","['cv_quality_score', 'max_tech_score', 'avg_tech_score', 'backend_score', 'hobby', 'presentation_score', 'avg_interview_score', 'teamwork_score', 'communication_score', 'ExtraTrees_r172_BAG_L1', 'hackathon_count', 'cgpa', 'num_low_tech_scores', 'interview_score_diff', 'total_practical_experience', 'failed_courses_count', 'problem_solving_score', 'attendance_rate', 'preferred_social_media_platform', 'coding_score', 'age', 'data_structures_score', 'hackathon_awards', 'applications_sent', 'internship_count', 'min_tech_score', 'std_tech_score', 'cloud_score', 'num_high_tech_scores', 'academic_perf_index', 'internship_duration_months', 'interview_conversion_rate', 'profile_strength_score', 'machine_learning_score', 'english_exam_score', 'open_source_contribution_count', 'ExtraTrees_r4_BAG_L1', 'leadership_score', 'portfolio_score', 'department', 'real_client_project_count', 'github_avg_stars', 'github_repo_count', 'bootcamp_count', 'frontend_score', 'application_year', 'technical_interview_score', 'RandomForest_r15_BAG_L1', 'linkedin_profile_score', 'university_tier', 'std_social_score', 'RandomForestMSE_BAG_L1', 'sql_score', 'certification_count', 'avg_social_score', 'target_role', 'graduation_year', 'github_impact', 'RandomForest_r127_BAG_L1', 'hackathon_award_ratio', 'ExtraTrees_r178_BAG_L1', 'freelance_project_count', 'hr_interview_score', 'interviews_attended', 'devops_score', 'project_quality_score', 'max_social_score', 'ExtraTrees_r197_BAG_L1', 'RandomForest_r39_BAG_L1']",,"{'n_estimators': 300, 'max_leaf_nodes': 18242, 'n_jobs': -1, 'bootstrap': True, 'max_features': 0.75, 'min_samples_leaf': 40, 'random_state': 0}",{'n_estimators': 300},"{'max_memory_usage_ratio': 1.0, 'max_time_limit_ratio': 1.0, 'max_time_limit': None, 'min_time_limit': 0, 'valid_raw_types': ['bool', 'int', 'float', 'category'], 'valid_special_types': None, 'ignored_type_group_special': None, 'ignored_type_group_raw': None, 'get_features_kwargs': None, 'get_features_kwargs_extra': None, 'predict_1_batch_size': None, 'temperature_scalar': None}","['RandomForestMSE_BAG_L1', 'RandomForest_r127_BAG_L1', 'ExtraTrees_r178_BAG_L1', 'ExtraTrees_r172_BAG_L1', 'RandomForest_r15_BAG_L1', 'ExtraTrees_r197_BAG_L1', 'ExtraTrees_r4_BAG_L1', 'RandomForest_r39_BAG_L1']",[]
RandomForest_r15_BAG_L2,-9.568979403351474,root_mean_squared_error,3.9699385166168213,50.300007581710815,0.6317563056945801,10.968252658843994,2,True,24,69,1,9,50348767,388032498,50348767,100428347,8,0,StackerEnsembleModel,RFModel,root_mean_squared_error,"{'use_orig_features': True, 'valid_stacker': True, 'max_base_models': 0, 'max_base_models_per_type': 'auto', 'save_bag_folds': True, 'stratify': 'auto', 'bin': 'auto', 'n_bins': None, 'vary_seed_across_folds': False, 'use_child_oof': True, 'fold_fitting_strategy': 'sequential', 'model_random_seed': 0}",{},"{'max_memory_usage_ratio': 1.0, 'max_time_limit_ratio': 1.0, 'max_time_limit': None, 'min_time_limit': 0, 'valid_raw_types': None, 'valid_special_types': None, 'ignored_type_group_special': None, 'ignored_type_group_raw': None, 'get_features_kwargs': None, 'get_features_kwargs_extra': None, 'predict_1_batch_size': None, 'temperature_scalar': None, 'drop_unique': False}","['cv_quality_score', 'max_tech_score', 'avg_tech_score', 'backend_score', 'hobby', 'presentation_score', 'avg_interview_score', 'teamwork_score', 'communication_score', 'ExtraTrees_r172_BAG_L1', 'hackathon_count', 'cgpa', 'num_low_tech_scores', 'interview_score_diff', 'total_practical_experience', 'failed_courses_count', 'problem_solving_score', 'attendance_rate', 'preferred_social_media_platform', 'coding_score', 'age', 'data_structures_score', 'hackathon_awards', 'applications_sent', 'internship_count', 'min_tech_score', 'std_tech_score', 'cloud_score', 'num_high_tech_scores', 'academic_perf_index', 'internship_duration_months', 'interview_conversion_rate', 'profile_strength_score', 'machine_learning_score', 'english_exam_score', 'open_source_contribution_count', 'ExtraTrees_r4_BAG_L1', 'leadership_score', 'portfolio_score', 'department', 'real_client_project_count', 'github_avg_stars', 'github_repo_count', 'bootcamp_count', 'frontend_score', 'application_year', 'technical_interview_score', 'RandomForest_r15_BAG_L1', 'linkedin_profile_score', 'university_tier', 'std_social_score', 'RandomForestMSE_BAG_L1', 'sql_score', 'certification_count', 'avg_social_score', 'target_role', 'graduation_year', 'github_impact', 'RandomForest_r127_BAG_L1', 'hackathon_award_ratio', 'ExtraTrees_r178_BAG_L1', 'freelance_project_count', 'hr_interview_score', 'interviews_attended', 'devops_score', 'project_quality_score', 'max_social_score', 'ExtraTrees_r197_BAG_L1', 'RandomForest_r39_BAG_L1']",,"{'n_estimators': 300, 'max_leaf_nodes': 36230, 'n_jobs': -1, 'bootstrap': True, 'max_features': 0.75, 'min_samples_leaf': 3, 'random_state': 0}",{'n_estimators': 205},"{'max_memory_usage_ratio': 1.0, 'max_time_limit_ratio': 1.0, 'max_time_limit': None, 'min_time_limit': 0, 'valid_raw_types': ['bool', 'int', 'float', 'category'], 'valid_special_types': None, 'ignored_type_group_special': None, 'ignored_type_group_raw': None, 'get_features_kwargs': None, 'get_features_kwargs_extra': None, 'predict_1_batch_size': None, 'temperature_scalar': None}","['RandomForestMSE_BAG_L1', 'RandomForest_r127_BAG_L1', 'ExtraTrees_r178_BAG_L1', 'ExtraTrees_r172_BAG_L1', 'RandomForest_r15_BAG_L1', 'ExtraTrees_r197_BAG_L1', 'ExtraTrees_r4_BAG_L1', 'RandomForest_r39_BAG_L1']",[]
RandomForest_r39_BAG_L2,-9.582293286612485,root_mean_squared_error,3.880321979522705,51.11050724983215,0.5421397686004639,11.778752326965332,2,True,17,69,1,9,73799015,411482746,73799015,100428347,8,0,StackerEnsembleModel,RFModel,root_mean_squared_error,"{'use_orig_features': True, 'valid_stacker': True, 'max_base_models': 0, 'max_base_models_per_type': 'auto', 'save_bag_folds': True, 'stratify': 'auto', 'bin': 'auto', 'n_bins': None, 'vary_seed_across_folds': False, 'use_child_oof': True, 'fold_fitting_strategy': 'sequential', 'model_random_seed': 0}",{},"{'max_memory_usage_ratio': 1.0, 'max_time_limit_ratio': 1.0, 'max_time_limit': None, 'min_time_limit': 0, 'valid_raw_types': None, 'valid_special_types': None, 'ignored_type_group_special': None, 'ignored_type_group_raw': None, 'get_features_kwargs': None, 'get_features_kwargs_extra': None, 'predict_1_batch_size': None, 'temperature_scalar': None, 'drop_unique': False}","['cv_quality_score', 'max_tech_score', 'avg_tech_score', 'backend_score', 'hobby', 'presentation_score', 'avg_interview_score', 'teamwork_score', 'communication_score', 'ExtraTrees_r172_BAG_L1', 'hackathon_count', 'cgpa', 'num_low_tech_scores', 'interview_score_diff', 'total_practical_experience', 'failed_courses_count', 'problem_solving_score', 'attendance_rate', 'preferred_social_media_platform', 'coding_score', 'age', 'data_structures_score', 'hackathon_awards', 'applications_sent', 'internship_count', 'min_tech_score', 'std_tech_score', 'cloud_score', 'num_high_tech_scores', 'academic_perf_index', 'internship_duration_months', 'interview_conversion_rate', 'profile_strength_score', 'machine_learning_score', 'english_exam_score', 'open_source_contribution_count', 'ExtraTrees_r4_BAG_L1', 'leadership_score', 'portfolio_score', 'department', 'real_client_project_count', 'github_avg_stars', 'github_repo_count', 'bootcamp_count', 'frontend_score', 'application_year', 'technical_interview_score', 'RandomForest_r15_BAG_L1', 'linkedin_profile_score', 'university_tier', 'std_social_score', 'RandomForestMSE_BAG_L1', 'sql_score', 'certification_count', 'avg_social_score', 'target_role', 'graduation_year', 'github_impact', 'RandomForest_r127_BAG_L1', 'hackathon_award_ratio', 'ExtraTrees_r178_BAG_L1', 'freelance_project_count', 'hr_interview_score', 'interviews_attended', 'devops_score', 'project_quality_score', 'max_social_score', 'ExtraTrees_r197_BAG_L1', 'RandomForest_r39_BAG_L1']",,"{'n_estimators': 300, 'max_leaf_nodes': 28310, 'n_jobs': -1, 'bootstrap': True, 'max_features': 0.75, 'min_samples_leaf': 2, 'random_state': 0}",{'n_estimators': 194},"{'max_memory_usage_ratio': 1.0, 'max_time_limit_ratio': 1.0, 'max_time_limit': None, 'min_time_limit': 0, 'valid_raw_types': ['bool', 'int', 'float', 'category'], 'valid_special_types': None, 'ignored_type_group_special': None, 'ignored_type_group_raw': None, 'get_features_kwargs': None, 'get_features_kwargs_extra': None, 'predict_1_batch_size': None, 'temperature_scalar': None}","['RandomForestMSE_BAG_L1', 'RandomForest_r127_BAG_L1', 'ExtraTrees_r178_BAG_L1', 'ExtraTrees_r172_BAG_L1', 'RandomForest_r15_BAG_L1', 'ExtraTrees_r197_BAG_L1', 'ExtraTrees_r4_BAG_L1', 'RandomForest_r39_BAG_L1']",[]
ExtraTrees_r42_BAG_L2,-9.628523036879907,root_mean_squared_error,3.8008878231048584,41.13348603248596,0.4627056121826172,1.8017311096191406,2,True,14,69,1,9,72662811,410346542,72662811,100428347,8,1,StackerEnsembleModel,XTModel,root_mean_squared_error,"{'use_orig_features': True, 'valid_stacker': True, 'max_base_models': 0, 'max_base_models_per_type': 'auto', 'save_bag_folds': True, 'stratify': 'auto', 'bin': 'auto', 'n_bins': None, 'vary_seed_across_folds': False, 'use_child_oof': True, 'fold_fitting_strategy': 'sequential', 'model_random_seed': 0}",{},"{'max_memory_usage_ratio': 1.0, 'max_time_limit_ratio': 1.0, 'max_time_limit': None, 'min_time_limit': 0, 'valid_raw_types': None, 'valid_special_types': None, 'ignored_type_group_special': None, 'ignored_type_group_raw': None, 'get_features_kwargs': None, 'get_features_kwargs_extra': None, 'predict_1_batch_size': None, 'temperature_scalar': None, 'drop_unique': False}","['cv_quality_score', 'max_tech_score', 'avg_tech_score', 'backend_score', 'hobby', 'presentation_score', 'avg_interview_score', 'teamwork_score', 'communication_score', 'ExtraTrees_r172_BAG_L1', 'hackathon_count', 'cgpa', 'num_low_tech_scores', 'interview_score_diff', 'total_practical_experience', 'failed_courses_count', 'problem_solving_score', 'attendance_rate', 'preferred_social_media_platform', 'coding_score', 'age', 'data_structures_score', 'hackathon_awards', 'applications_sent', 'internship_count', 'min_tech_score', 'std_tech_score', 'cloud_score', 'num_high_tech_scores', 'academic_perf_index', 'internship_duration_months', 'interview_conversion_rate', 'profile_strength_score', 'machine_learning_score', 'english_exam_score', 'open_source_contribution_count', 'ExtraTrees_r4_BAG_L1', 'leadership_score', 'portfolio_score', 'department', 'real_client_project_count', 'github_avg_stars', 'github_repo_count', 'bootcamp_count', 'frontend_score', 'application_year', 'technical_interview_score', 'RandomForest_r15_BAG_L1', 'linkedin_profile_score', 'university_tier', 'std_social_score', 'RandomForestMSE_BAG_L1', 'sql_score', 'certification_count', 'avg_social_score', 'target_role', 'graduation_year', 'github_impact', 'RandomForest_r127_BAG_L1', 'hackathon_award_ratio', 'ExtraTrees_r178_BAG_L1', 'freelance_project_count', 'hr_interview_score', 'interviews_attended', 'devops_score', 'project_quality_score', 'max_social_score', 'ExtraTrees_r197_BAG_L1', 'RandomForest_r39_BAG_L1']",,"{'n_estimators': 300, 'max_leaf_nodes': 18392, 'n_jobs': -1, 'bootstrap': True, 'max_features': 0.75, 'min_samples_leaf': 1, 'random_state': 0}",{'n_estimators': 84},"{'max_memory_usage_ratio': 1.0, 'max_time_limit_ratio': 1.0, 'max_time_limit': None, 'min_time_limit': 0, 'valid_raw_types': ['bool', 'int', 'float', 'category'], 'valid_special_types': None, 'ignored_type_group_special': None, 'ignored_type_group_raw': None, 'get_features_kwargs': None, 'get_features_kwargs_extra': None, 'predict_1_batch_size': None, 'temperature_scalar': None}","['RandomForestMSE_BAG_L1', 'RandomForest_r127_BAG_L1', 'ExtraTrees_r178_BAG_L1', 'ExtraTrees_r172_BAG_L1', 'RandomForest_r15_BAG_L1', 'ExtraTrees_r197_BAG_L1', 'ExtraTrees_r4_BAG_L1', 'RandomForest_r39_BAG_L1']",['WeightedEnsemble_L3']
ExtraTrees_r49_BAG_L2,-9.721577314310425,root_mean_squared_error,3.559485912322998,39.95457434654236,0.22130370140075684,0.6228194236755371,2,True,18,69,1,9,65805989,403489720,65805989,100428347,8,0,StackerEnsembleModel,XTModel,root_mean_squared_error,"{'use_orig_features': True, 'valid_stacker': True, 'max_base_models': 0, 'max_base_models_per_type': 'auto', 'save_bag_folds': True, 'stratify': 'auto', 'bin': 'auto', 'n_bins': None, 'vary_seed_across_folds': False, 'use_child_oof': True, 'fold_fitting_strategy': 'sequential', 'model_random_seed': 0}",{},"{'max_memory_usage_ratio': 1.0, 'max_time_limit_ratio': 1.0, 'max_time_limit': None, 'min_time_limit': 0, 'valid_raw_types': None, 'valid_special_types': None, 'ignored_type_group_special': None, 'ignored_type_group_raw': None, 'get_features_kwargs': None, 'get_features_kwargs_extra': None, 'predict_1_batch_size': None, 'temperature_scalar': None, 'drop_unique': False}","['cv_quality_score', 'max_tech_score', 'avg_tech_score', 'backend_score', 'hobby', 'presentation_score', 'avg_interview_score', 'teamwork_score', 'communication_score', 'ExtraTrees_r172_BAG_L1', 'hackathon_count', 'cgpa', 'num_low_tech_scores', 'interview_score_diff', 'total_practical_experience', 'failed_courses_count', 'problem_solving_score', 'attendance_rate', 'preferred_social_media_platform', 'coding_score', 'age', 'data_structures_score', 'hackathon_awards', 'applications_sent', 'internship_count', 'min_tech_score', 'std_tech_score', 'cloud_score', 'num_high_tech_scores', 'academic_perf_index', 'internship_duration_months', 'interview_conversion_rate', 'profile_strength_score', 'machine_learning_score', 'english_exam_score', 'open_source_contribution_count', 'ExtraTrees_r4_BAG_L1', 'leadership_score', 'portfolio_score', 'department', 'real_client_project_count', 'github_avg_stars', 'github_repo_count', 'bootcamp_count', 'frontend_score', 'application_year', 'technical_interview_score', 'RandomForest_r15_BAG_L1', 'linkedin_profile_score', 'university_tier', 'std_social_score', 'RandomForestMSE_BAG_L1', 'sql_score', 'certification_count', 'avg_social_score', 'target_role', 'graduation_year', 'github_impact', 'RandomForest_r127_BAG_L1', 'hackathon_award_ratio', 'ExtraTrees_r178_BAG_L1', 'freelance_project_count', 'hr_interview_score', 'interviews_attended', 'devops_score', 'project_quality_score', 'max_social_score', 'ExtraTrees_r197_BAG_L1', 'RandomForest_r39_BAG_L1']",,"{'n_estimators': 300, 'max_leaf_nodes': 28532, 'n_jobs': -1, 'bootstrap': True, 'max_features': 'sqrt', 'min_samples_leaf': 1, 'random_state': 0}",{'n_estimators': 75},"{'max_memory_usage_ratio': 1.0, 'max_time_limit_ratio': 1.0, 'max_time_limit': None, 'min_time_limit': 0, 'valid_raw_types': ['bool', 'int', 'float', 'category'], 'valid_special_types': None, 'ignored_type_group_special': None, 'ignored_type_group_raw': None, 'get_features_kwargs': None, 'get_features_kwargs_extra': None, 'predict_1_batch_size': None, 'temperature_scalar': None}","['RandomForestMSE_BAG_L1', 'RandomForest_r127_BAG_L1', 'ExtraTrees_r178_BAG_L1', 'ExtraTrees_r172_BAG_L1', 'RandomForest_r15_BAG_L1', 'ExtraTrees_r197_BAG_L1', 'ExtraTrees_r4_BAG_L1', 'RandomForest_r39_BAG_L1']",[]
ExtraTrees_r126_BAG_L2,-9.76626200381508,root_mean_squared_error,3.521984338760376,39.75865197181702,0.18380212783813477,0.4268970489501953,2,True,25,69,1,9,16556406,354240137,16556406,100428347,8,0,StackerEnsembleModel,XTModel,root_mean_squared_error,"{'use_orig_features': True, 'valid_stacker': True, 'max_base_models': 0, 'max_base_models_per_type': 'auto', 'save_bag_folds': True, 'stratify': 'auto', 'bin': 'auto', 'n_bins': None, 'vary_seed_across_folds': False, 'use_child_oof': True, 'fold_fitting_strategy': 'sequential', 'model_random_seed': 0}",{},"{'max_memory_usage_ratio': 1.0, 'max_time_limit_ratio': 1.0, 'max_time_limit': None, 'min_time_limit': 0, 'valid_raw_types': None, 'valid_special_types': None, 'ignored_type_group_special': None, 'ignored_type_group_raw': None, 'get_features_kwargs': None, 'get_features_kwargs_extra': None, 'predict_1_batch_size': None, 'temperature_scalar': None, 'drop_unique': False}","['cv_quality_score', 'max_tech_score', 'avg_tech_score', 'backend_score', 'hobby', 'presentation_score', 'avg_interview_score', 'teamwork_score', 'communication_score', 'ExtraTrees_r172_BAG_L1', 'hackathon_count', 'cgpa', 'num_low_tech_scores', 'interview_score_diff', 'total_practical_experience', 'failed_courses_count', 'problem_solving_score', 'attendance_rate', 'preferred_social_media_platform', 'coding_score', 'age', 'data_structures_score', 'hackathon_awards', 'applications_sent', 'internship_count', 'min_tech_score', 'std_tech_score', 'cloud_score', 'num_high_tech_scores', 'academic_perf_index', 'internship_duration_months', 'interview_conversion_rate', 'profile_strength_score', 'machine_learning_score', 'english_exam_score', 'open_source_contribution_count', 'ExtraTrees_r4_BAG_L1', 'leadership_score', 'portfolio_score', 'department', 'real_client_project_count', 'github_avg_stars', 'github_repo_count', 'bootcamp_count', 'frontend_score', 'application_year', 'technical_interview_score', 'RandomForest_r15_BAG_L1', 'linkedin_profile_score', 'university_tier', 'std_social_score', 'RandomForestMSE_BAG_L1', 'sql_score', 'certification_count', 'avg_social_score', 'target_role', 'graduation_year', 'github_impact', 'RandomForest_r127_BAG_L1', 'hackathon_award_ratio', 'ExtraTrees_r178_BAG_L1', 'freelance_project_count', 'hr_interview_score', 'interviews_attended', 'devops_score', 'project_quality_score', 'max_social_score', 'ExtraTrees_r197_BAG_L1', 'RandomForest_r39_BAG_L1']",,"{'n_estimators': 300, 'max_leaf_nodes': 29702, 'n_jobs': -1, 'bootstrap': True, 'max_features': 'sqrt', 'min_samples_leaf': 2, 'random_state': 0}",{'n_estimators': 43},"{'max_memory_usage_ratio': 1.0, 'max_time_limit_ratio': 1.0, 'max_time_limit': None, 'min_time_limit': 0, 'valid_raw_types': ['bool', 'int', 'float', 'category'], 'valid_special_types': None, 'ignored_type_group_special': None, 'ignored_type_group_raw': None, 'get_features_kwargs': None, 'get_features_kwargs_extra': None, 'predict_1_batch_size': None, 'temperature_scalar': None}","['RandomForestMSE_BAG_L1', 'RandomForest_r127_BAG_L1', 'ExtraTrees_r178_BAG_L1', 'ExtraTrees_r172_BAG_L1', 'RandomForest_r15_BAG_L1', 'ExtraTrees_r197_BAG_L1', 'ExtraTrees_r4_BAG_L1', 'RandomForest_r39_BAG_L1']",[]
WeightedEnsemble_L2,-9.78481589598675,root_mean_squared_error,2.1791491508483887,22.839232444763184,0.0,0.03886580467224121,2,True,12,5,1,6,4096,198849405,4096,50037107,5,0,WeightedEnsembleModel,GreedyWeightedEnsembleModel,root_mean_squared_error,"{'use_orig_features': False, 'valid_stacker': True, 'max_base_models': 0, 'max_base_models_per_type': 'auto', 'save_bag_folds': True, 'stratify': 'auto', 'bin': 'auto', 'n_bins': None, 'vary_seed_across_folds': False, 'model_random_seed': 0}",{},"{'max_memory_usage_ratio': 1.0, 'max_time_limit_ratio': 1.0, 'max_time_limit': None, 'min_time_limit': 0, 'valid_raw_types': None, 'valid_special_types': None, 'ignored_type_group_special': None, 'ignored_type_group_raw': None, 'get_features_kwargs': None, 'get_features_kwargs_extra': None, 'predict_1_batch_size': None, 'temperature_scalar': None, 'drop_unique': False}","['RandomForest_r127_BAG_L1', 'ExtraTrees_r178_BAG_L1', 'ExtraTrees_r172_BAG_L1', 'ExtraTrees_r197_BAG_L1', 'RandomForest_r39_BAG_L1']",,"{'ensemble_size': 25, 'subsample_size': 1000000}",{'ensemble_size': 18},"{'max_memory_usage_ratio': 1.0, 'max_time_limit_ratio': 1.0, 'max_time_limit': None, 'min_time_limit': 0, 'valid_raw_types': None, 'valid_special_types': None, 'ignored_type_group_special': None, 'ignored_type_group_raw': None, 'get_features_kwargs': None, 'get_features_kwargs_extra': None, 'predict_1_batch_size': None, 'temperature_scalar': None, 'drop_unique': False}","['RandomForest_r127_BAG_L1', 'ExtraTrees_r178_BAG_L1', 'ExtraTrees_r172_BAG_L1', 'ExtraTrees_r197_BAG_L1', 'RandomForest_r39_BAG_L1']",[]
RandomForest_r195_BAG_L2,-9.792897102976017,root_mean_squared_error,3.5095345973968506,43.8374810218811,0.17135238647460938,4.505726099014282,2,True,15,69,1,9,41992700,379676431,41992700,100428347,8,0,StackerEnsembleModel,RFModel,root_mean_squared_error,"{'use_orig_features': True, 'valid_stacker': True, 'max_base_models': 0, 'max_base_models_per_type': 'auto', 'save_bag_folds': True, 'stratify': 'auto', 'bin': 'auto', 'n_bins': None, 'vary_seed_across_folds': False, 'use_child_oof': True, 'fold_fitting_strategy': 'sequential', 'model_random_seed': 0}",{},"{'max_memory_usage_ratio': 1.0, 'max_time_limit_ratio': 1.0, 'max_time_limit': None, 'min_time_limit': 0, 'valid_raw_types': None, 'valid_special_types': None, 'ignored_type_group_special': None, 'ignored_type_group_raw': None, 'get_features_kwargs': None, 'get_features_kwargs_extra': None, 'predict_1_batch_size': None, 'temperature_scalar': None, 'drop_unique': False}","['cv_quality_score', 'max_tech_score', 'avg_tech_score', 'backend_score', 'hobby', 'presentation_score', 'avg_interview_score', 'teamwork_score', 'communication_score', 'ExtraTrees_r172_BAG_L1', 'hackathon_count', 'cgpa', 'num_low_tech_scores', 'interview_score_diff', 'total_practical_experience', 'failed_courses_count', 'problem_solving_score', 'attendance_rate', 'preferred_social_media_platform', 'coding_score', 'age', 'data_structures_score', 'hackathon_awards', 'applications_sent', 'internship_count', 'min_tech_score', 'std_tech_score', 'cloud_score', 'num_high_tech_scores', 'academic_perf_index', 'internship_duration_months', 'interview_conversion_rate', 'profile_strength_score', 'machine_learning_score', 'english_exam_score', 'open_source_contribution_count', 'ExtraTrees_r4_BAG_L1', 'leadership_score', 'portfolio_score', 'department', 'real_client_project_count', 'github_avg_stars', 'github_repo_count', 'bootcamp_count', 'frontend_score', 'application_year', 'technical_interview_score', 'RandomForest_r15_BAG_L1', 'linkedin_profile_score', 'university_tier', 'std_social_score', 'RandomForestMSE_BAG_L1', 'sql_score', 'certification_count', 'avg_social_score', 'target_role', 'graduation_year', 'github_impact', 'RandomForest_r127_BAG_L1', 'hackathon_award_ratio', 'ExtraTrees_r178_BAG_L1', 'freelance_project_count', 'hr_interview_score', 'interviews_attended', 'devops_score', 'project_quality_score', 'max_social_score', 'ExtraTrees_r197_BAG_L1', 'RandomForest_r39_BAG_L1']",,"{'n_estimators': 300, 'max_leaf_nodes': 37308, 'n_jobs': -1, 'bootstrap': True, 'max_features': 0.75, 'min_samples_leaf': 1, 'random_state': 0}",{'n_estimators': 49},"{'max_memory_usage_ratio': 1.0, 'max_time_limit_ratio': 1.0, 'max_time_limit': None, 'min_time_limit': 0, 'valid_raw_types': ['bool', 'int', 'float', 'category'], 'valid_special_types': None, 'ignored_type_group_special': None, 'ignored_type_group_raw': None, 'get_features_kwargs': None, 'get_features_kwargs_extra': None, 'predict_1_batch_size': None, 'temperature_scalar': None}","['RandomForestMSE_BAG_L1', 'RandomForest_r127_BAG_L1', 'ExtraTrees_r178_BAG_L1', 'ExtraTrees_r172_BAG_L1', 'RandomForest_r15_BAG_L1', 'ExtraTrees_r197_BAG_L1', 'ExtraTrees_r4_BAG_L1', 'RandomForest_r39_BAG_L1']",[]
RandomForest_r166_BAG_L2,-9.802329738862404,root_mean_squared_error,3.5781686305999756,40.129717111587524,0.23998641967773438,0.7979621887207031,2,True,23,69,1,9,50232111,387915842,50232111,100428347,8,0,StackerEnsembleModel,RFModel,root_mean_squared_error,"{'use_orig_features': True, 'valid_stacker': True, 'max_base_models': 0, 'max_base_models_per_type': 'auto', 'save_bag_folds': True, 'stratify': 'auto', 'bin': 'auto', 'n_bins': None, 'vary_seed_across_folds': False, 'use_child_oof': True, 'fold_fitting_strategy': 'sequential', 'model_random_seed': 0}",{},"{'max_memory_usage_ratio': 1.0, 'max_time_limit_ratio': 1.0, 'max_time_limit': None, 'min_time_limit': 0, 'valid_raw_types': None, 'valid_special_types': None, 'ignored_type_group_special': None, 'ignored_type_group_raw': None, 'get_features_kwargs': None, 'get_features_kwargs_extra': None, 'predict_1_batch_size': None, 'temperature_scalar': None, 'drop_unique': False}","['cv_quality_score', 'max_tech_score', 'avg_tech_score', 'backend_score', 'hobby', 'presentation_score', 'avg_interview_score', 'teamwork_score', 'communication_score', 'ExtraTrees_r172_BAG_L1', 'hackathon_count', 'cgpa', 'num_low_tech_scores', 'interview_score_diff', 'total_practical_experience', 'failed_courses_count', 'problem_solving_score', 'attendance_rate', 'preferred_social_media_platform', 'coding_score', 'age', 'data_structures_score', 'hackathon_awards', 'applications_sent', 'internship_count', 'min_tech_score', 'std_tech_score', 'cloud_score', 'num_high_tech_scores', 'academic_perf_index', 'internship_duration_months', 'interview_conversion_rate', 'profile_strength_score', 'machine_learning_score', 'english_exam_score', 'open_source_contribution_count', 'ExtraTrees_r4_BAG_L1', 'leadership_score', 'portfolio_score', 'department', 'real_client_project_count', 'github_avg_stars', 'github_repo_count', 'bootcamp_count', 'frontend_score', 'application_year', 'technical_interview_score', 'RandomForest_r15_BAG_L1', 'linkedin_profile_score', 'university_tier', 'std_social_score', 'RandomForestMSE_BAG_L1', 'sql_score', 'certification_count', 'avg_social_score', 'target_role', 'graduation_year', 'github_impact', 'RandomForest_r127_BAG_L1', 'hackathon_award_ratio', 'ExtraTrees_r178_BAG_L1', 'freelance_project_count', 'hr_interview_score', 'interviews_attended', 'devops_score', 'project_quality_score', 'max_social_score', 'ExtraTrees_r197_BAG_L1', 'RandomForest_r39_BAG_L1']",,"{'n_estimators': 300, 'max_leaf_nodes': 42644, 'n_jobs': -1, 'bootstrap': True, 'max_features': 'log2', 'min_samples_leaf': 1, 'random_state': 0}",{'n_estimators': 58},"{'max_memory_usage_ratio': 1.0, 'max_time_limit_ratio': 1.0, 'max_time_limit': None, 'min_time_limit': 0, 'valid_raw_types': ['bool', 'int', 'float', 'category'], 'valid_special_types': None, 'ignored_type_group_special': None, 'ignored_type_group_raw': None, 'get_features_kwargs': None, 'get_features_kwargs_extra': None, 'predict_1_batch_size': None, 'temperature_scalar': None}","['RandomForestMSE_BAG_L1', 'RandomForest_r127_BAG_L1', 'ExtraTrees_r178_BAG_L1', 'ExtraTrees_r172_BAG_L1', 'RandomForest_r15_BAG_L1', 'ExtraTrees_r197_BAG_L1', 'ExtraTrees_r4_BAG_L1', 'RandomForest_r39_BAG_L1']",[]
RandomForest_r127_BAG_L1,-9.84688370530906,root_mean_squared_error,0.9465065002441406,13.191607236862183,0.9465065002441406,13.191607236862183,1,True,4,61,1,1,43155777,43155777,43155777,43155777,0,15,StackerEnsembleModel,RFModel,root_mean_squared_error,"{'use_orig_features': True, 'valid_stacker': True, 'max_base_models': 0, 'max_base_models_per_type': 'auto', 'save_bag_folds': True, 'stratify': 'auto', 'bin': 'auto', 'n_bins': None, 'vary_seed_across_folds': False, 'use_child_oof': True, 'fold_fitting_strategy': 'sequential', 'model_random_seed': 0}",{},"{'max_memory_usage_ratio': 1.0, 'max_time_limit_ratio': 1.0, 'max_time_limit': None, 'min_time_limit': 0, 'valid_raw_types': None, 'valid_special_types': None, 'ignored_type_group_special': None, 'ignored_type_group_raw': None, 'get_features_kwargs': None, 'get_features_kwargs_extra': None, 'predict_1_batch_size': None, 'temperature_scalar': None, 'drop_unique': False}","['cv_quality_score', 'max_tech_score', 'avg_tech_score', 'backend_score', 'hobby', 'avg_interview_score', 'teamwork_score', 'communication_score', 'interview_score_diff', 'hackathon_count', 'cgpa', 'num_low_tech_scores', 'total_practical_experience', 'failed_courses_count', 'problem_solving_score', 'attendance_rate', 'preferred_social_media_platform', 'coding_score', 'age', 'data_structures_score', 'hackathon_awards', 'applications_sent', 'internship_count', 'min_tech_score', 'std_tech_score', 'cloud_score', 'num_high_tech_scores', 'academic_perf_index', 'internship_duration_months', 'interview_conversion_rate', 'profile_strength_score', 'machine_learning_score', 'english_exam_score', 'open_source_contribution_count', 'leadership_score', 'department', 'portfolio_score', 'real_client_project_count', 'github_avg_stars', 'github_repo_count', 'bootcamp_count', 'frontend_score', 'application_year', 'technical_interview_score', 'linkedin_profile_score', 'university_tier', 'std_social_score', 'certification_count', 'sql_score', 'avg_social_score', 'target_role', 'graduation_year', 'github_impact', 'hackathon_award_ratio', 'freelance_project_count', 'hr_interview_score', 'interviews_attended', 'devops_score', 'project_quality_score', 'max_social_score', 'presentation_score']",,"{'n_estimators': 300, 'max_leaf_nodes': 38572, 'n_jobs': -1, 'bootstrap': True, 'max_features': 1.0, 'min_samples_leaf': 5, 'random_state': 0}",{'n_estimators': 300},"{'max_memory_usage_ratio': 1.0, 'max_time_limit_ratio': 1.0, 'max_time_limit': None, 'min_time_limit': 0, 'valid_raw_types': ['bool', 'int', 'float', 'category'], 'valid_special_types': None, 'ignored_type_group_special': None, 'ignored_type_group_raw': None, 'get_features_kwargs': None, 'get_features_kwargs_extra': None, 'predict_1_batch_size': None, 'temperature_scalar': None}",[],"['RandomForest_r34_BAG_L2', 'RandomForestMSE_BAG_L2', 'RandomForest_r195_BAG_L2', 'WeightedEnsemble_L2', 'ExtraTrees_r42_BAG_L2', 'ExtraTrees_r178_BAG_L2', 'ExtraTrees_r172_BAG_L2', 'ExtraTrees_r4_BAG_L2', 'RandomForest_r15_BAG_L2', 'WeightedEnsemble_L3', 'RandomForest_r39_BAG_L2', 'RandomForest_r127_BAG_L2', 'ExtraTrees_r126_BAG_L2', 'RandomForest_r166_BAG_L2', 'ExtraTrees_r49_BAG_L2']"
ExtraTrees_r172_BAG_L1,-9.854274705669612,root_mean_squared_error,0.5342113971710205,2.3013534545898438,0.5342113971710205,2.3013534545898438,1,True,2,61,1,1,47362862,47362862,47362862,47362862,0,15,StackerEnsembleModel,XTModel,root_mean_squared_error,"{'use_orig_features': True, 'valid_stacker': True, 'max_base_models': 0, 'max_base_models_per_type': 'auto', 'save_bag_folds': True, 'stratify': 'auto', 'bin': 'auto', 'n_bins': None, 'vary_seed_across_folds': False, 'use_child_oof': True, 'fold_fitting_strategy': 'sequential', 'model_random_seed': 0}",{},"{'max_memory_usage_ratio': 1.0, 'max_time_limit_ratio': 1.0, 'max_time_limit': None, 'min_time_limit': 0, 'valid_raw_types': None, 'valid_special_types': None, 'ignored_type_group_special': None, 'ignored_type_group_raw': None, 'get_features_kwargs': None, 'get_features_kwargs_extra': None, 'predict_1_batch_size': None, 'temperature_scalar': None, 'drop_unique': False}","['cv_quality_score', 'max_tech_score', 'avg_tech_score', 'backend_score', 'hobby', 'avg_interview_score', 'teamwork_score', 'communication_score', 'interview_score_diff', 'hackathon_count', 'cgpa', 'num_low_tech_scores', 'total_practical_experience', 'failed_courses_count', 'problem_solving_score', 'attendance_rate', 'preferred_social_media_platform', 'coding_score', 'age', 'data_structures_score', 'hackathon_awards', 'applications_sent', 'internship_count', 'min_tech_score', 'std_tech_score', 'cloud_score', 'num_high_tech_scores', 'academic_perf_index', 'internship_duration_months', 'interview_conversion_rate', 'profile_strength_score', 'machine_learning_score', 'english_exam_score', 'open_source_contribution_count', 'leadership_score', 'department', 'portfolio_score', 'real_client_project_count', 'github_avg_stars', 'github_repo_count', 'bootcamp_count', 'frontend_score', 'application_year', 'technical_interview_score', 'linkedin_profile_score', 'university_tier', 'std_social_score', 'certification_count', 'sql_score', 'avg_social_score', 'target_role', 'graduation_year', 'github_impact', 'hackathon_award_ratio', 'freelance_project_count', 'hr_interview_score', 'interviews_attended', 'devops_score', 'project_quality_score', 'max_social_score', 'presentation_score']",,"{'n_estimators': 300, 'max_leaf_nodes': 12845, 'n_jobs': -1, 'bootstrap': True, 'max_features': 1.0, 'min_samples_leaf': 4, 'random_state': 0}",{'n_estimators': 260},"{'max_memory_usage_ratio': 1.0, 'max_time_limit_ratio': 1.0, 'max_time_limit': None, 'min_time_limit': 0, 'valid_raw_types': ['bool', 'int', 'float', 'category'], 'valid_special_types': None, 'ignored_type_group_special': None, 'ignored_type_group_raw': None, 'get_features_kwargs': None, 'get_features_kwargs_extra': None, 'predict_1_batch_size': None, 'temperature_scalar': None}",[],"['RandomForest_r34_BAG_L2', 'RandomForestMSE_BAG_L2', 'RandomForest_r195_BAG_L2', 'WeightedEnsemble_L2', 'ExtraTrees_r42_BAG_L2', 'ExtraTrees_r178_BAG_L2', 'ExtraTrees_r172_BAG_L2', 'ExtraTrees_r4_BAG_L2', 'RandomForest_r15_BAG_L2', 'WeightedEnsemble_L3', 'RandomForest_r39_BAG_L2', 'RandomForest_r127_BAG_L2', 'ExtraTrees_r126_BAG_L2', 'RandomForest_r166_BAG_L2', 'ExtraTrees_r49_BAG_L2']"
RandomForestMSE_BAG_L2,-9.86035436117552,root_mean_squared_error,3.6433498859405518,46.08610486984253,0.30516767501831055,6.754349946975708,2,True,13,69,1,9,40256353,377940084,40256353,100428347,8,0,StackerEnsembleModel,RFModel,root_mean_squared_error,"{'use_orig_features': True, 'valid_stacker': True, 'max_base_models': 0, 'max_base_models_per_type': 'auto', 'save_bag_folds': True, 'stratify': 'auto', 'bin': 'auto', 'n_bins': None, 'vary_seed_across_folds': False, 'use_child_oof': True, 'fold_fitting_strategy': 'sequential', 'model_random_seed': 0}",{},"{'max_memory_usage_ratio': 1.0, 'max_time_limit_ratio': 1.0, 'max_time_limit': None, 'min_time_limit': 0, 'valid_raw_types': None, 'valid_special_types': None, 'ignored_type_group_special': None, 'ignored_type_group_raw': None, 'get_features_kwargs': None, 'get_features_kwargs_extra': None, 'predict_1_batch_size': None, 'temperature_scalar': None, 'drop_unique': False}","['cv_quality_score', 'max_tech_score', 'avg_tech_score', 'backend_score', 'hobby', 'presentation_score', 'avg_interview_score', 'teamwork_score', 'communication_score', 'ExtraTrees_r172_BAG_L1', 'hackathon_count', 'cgpa', 'num_low_tech_scores', 'interview_score_diff', 'total_practical_experience', 'failed_courses_count', 'problem_solving_score', 'attendance_rate', 'preferred_social_media_platform', 'coding_score', 'age', 'data_structures_score', 'hackathon_awards', 'applications_sent', 'internship_count', 'min_tech_score', 'std_tech_score', 'cloud_score', 'num_high_tech_scores', 'academic_perf_index', 'internship_duration_months', 'interview_conversion_rate', 'profile_strength_score', 'machine_learning_score', 'english_exam_score', 'open_source_contribution_count', 'ExtraTrees_r4_BAG_L1', 'leadership_score', 'portfolio_score', 'department', 'real_client_project_count', 'github_avg_stars', 'github_repo_count', 'bootcamp_count', 'frontend_score', 'application_year', 'technical_interview_score', 'RandomForest_r15_BAG_L1', 'linkedin_profile_score', 'university_tier', 'std_social_score', 'RandomForestMSE_BAG_L1', 'sql_score', 'certification_count', 'avg_social_score', 'target_role', 'graduation_year', 'github_impact', 'RandomForest_r127_BAG_L1', 'hackathon_award_ratio', 'ExtraTrees_r178_BAG_L1', 'freelance_project_count', 'hr_interview_score', 'interviews_attended', 'devops_score', 'project_quality_score', 'max_social_score', 'ExtraTrees_r197_BAG_L1', 'RandomForest_r39_BAG_L1']",,"{'n_estimators': 300, 'max_leaf_nodes': 15000, 'n_jobs': -1, 'bootstrap': True, 'criterion': 'squared_error', 'random_state': 0}",{'n_estimators': 47},"{'max_memory_usage_ratio': 1.0, 'max_time_limit_ratio': 1.0, 'max_time_limit': None, 'min_time_limit': 0, 'valid_raw_types': ['bool', 'int', 'float', 'category'], 'valid_special_types': None, 'ignored_type_group_special': None, 'ignored_type_group_raw': None, 'get_features_kwargs': None, 'get_features_kwargs_extra': None, 'predict_1_batch_size': None, 'temperature_scalar': None}","['RandomForestMSE_BAG_L1', 'RandomForest_r127_BAG_L1', 'ExtraTrees_r178_BAG_L1', 'ExtraTrees_r172_BAG_L1', 'RandomForest_r15_BAG_L1', 'ExtraTrees_r197_BAG_L1', 'ExtraTrees_r4_BAG_L1', 'RandomForest_r39_BAG_L1']",[]
RandomForest_r39_BAG_L1,-9.914534555475974,root_mean_squared_error,0.2871739864349365,5.354088068008423,0.2871739864349365,5.354088068008423,1,True,3,61,1,1,50037107,50037107,50037107,50037107,0,15,StackerEnsembleModel,RFModel,root_mean_squared_error,"{'use_orig_features': True, 'valid_stacker': True, 'max_base_models': 0, 'max_base_models_per_type': 'auto', 'save_bag_folds': True, 'stratify': 'auto', 'bin': 'auto', 'n_bins': None, 'vary_seed_across_folds': False, 'use_child_oof': True, 'fold_fitting_strategy': 'sequential', 'model_random_seed': 0}",{},"{'max_memory_usage_ratio': 1.0, 'max_time_limit_ratio': 1.0, 'max_time_limit': None, 'min_time_limit': 0, 'valid_raw_types': None, 'valid_special_types': None, 'ignored_type_group_special': None, 'ignored_type_group_raw': None, 'get_features_kwargs': None, 'get_features_kwargs_extra': None, 'predict_1_batch_size': None, 'temperature_scalar': None, 'drop_unique': False}","['cv_quality_score', 'max_tech_score', 'avg_tech_score', 'backend_score', 'hobby', 'avg_interview_score', 'teamwork_score', 'communication_score', 'interview_score_diff', 'hackathon_count', 'cgpa', 'num_low_tech_scores', 'total_practical_experience', 'failed_courses_count', 'problem_solving_score', 'attendance_rate', 'preferred_social_media_platform', 'coding_score', 'age', 'data_structures_score', 'hackathon_awards', 'applications_sent', 'internship_count', 'min_tech_score', 'std_tech_score', 'cloud_score', 'num_high_tech_scores', 'academic_perf_index', 'internship_duration_months', 'interview_conversion_rate', 'profile_strength_score', 'machine_learning_score', 'english_exam_score', 'open_source_contribution_count', 'leadership_score', 'department', 'portfolio_score', 'real_client_project_count', 'github_avg_stars', 'github_repo_count', 'bootcamp_count', 'frontend_score', 'application_year', 'technical_interview_score', 'linkedin_profile_score', 'university_tier', 'std_social_score', 'certification_count', 'sql_score', 'avg_social_score', 'target_role', 'graduation_year', 'github_impact', 'hackathon_award_ratio', 'freelance_project_count', 'hr_interview_score', 'interviews_attended', 'devops_score', 'project_quality_score', 'max_social_score', 'presentation_score']",,"{'n_estimators': 300, 'max_leaf_nodes': 28310, 'n_jobs': -1, 'bootstrap': True, 'max_features': 0.75, 'min_samples_leaf': 2, 'random_state': 0}",{'n_estimators': 131},"{'max_memory_usage_ratio': 1.0, 'max_time_limit_ratio': 1.0, 'max_time_limit': None, 'min_time_limit': 0, 'valid_raw_types': ['bool', 'int', 'float', 'category'], 'valid_special_types': None, 'ignored_type_group_special': None, 'ignored_type_group_raw': None, 'get_features_kwargs': None, 'get_features_kwargs_extra': None, 'predict_1_batch_size': None, 'temperature_scalar': None}",[],"['RandomForest_r34_BAG_L2', 'RandomForestMSE_BAG_L2', 'RandomForest_r195_BAG_L2', 'WeightedEnsemble_L2', 'ExtraTrees_r42_BAG_L2', 'ExtraTrees_r178_BAG_L2', 'ExtraTrees_r172_BAG_L2', 'ExtraTrees_r4_BAG_L2', 'RandomForest_r15_BAG_L2', 'WeightedEnsemble_L3', 'RandomForest_r39_BAG_L2', 'RandomForest_r127_BAG_L2', 'ExtraTrees_r126_BAG_L2', 'RandomForest_r166_BAG_L2', 'ExtraTrees_r49_BAG_L2']"
ExtraTrees_r178_BAG_L1,-9.922211857346506,root_mean_squared_error,0.23223114013671875,0.8303911685943604,0.23223114013671875,0.8303911685943604,1,True,7,61,1,1,20977700,20977700,20977700,20977700,0,15,StackerEnsembleModel,XTModel,root_mean_squared_error,"{'use_orig_features': True, 'valid_stacker': True, 'max_base_models': 0, 'max_base_models_per_type': 'auto', 'save_bag_folds': True, 'stratify': 'auto', 'bin': 'auto', 'n_bins': None, 'vary_seed_across_folds': False, 'use_child_oof': True, 'fold_fitting_strategy': 'sequential', 'model_random_seed': 0}",{},"{'max_memory_usage_ratio': 1.0, 'max_time_limit_ratio': 1.0, 'max_time_limit': None, 'min_time_limit': 0, 'valid_raw_types': None, 'valid_special_types': None, 'ignored_type_group_special': None, 'ignored_type_group_raw': None, 'get_features_kwargs': None, 'get_features_kwargs_extra': None, 'predict_1_batch_size': None, 'temperature_scalar': None, 'drop_unique': False}","['cv_quality_score', 'max_tech_score', 'avg_tech_score', 'backend_score', 'hobby', 'avg_interview_score', 'teamwork_score', 'communication_score', 'interview_score_diff', 'hackathon_count', 'cgpa', 'num_low_tech_scores', 'total_practical_experience', 'failed_courses_count', 'problem_solving_score', 'attendance_rate', 'preferred_social_media_platform', 'coding_score', 'age', 'data_structures_score', 'hackathon_awards', 'applications_sent', 'internship_count', 'min_tech_score', 'std_tech_score', 'cloud_score', 'num_high_tech_scores', 'academic_perf_index', 'internship_duration_months', 'interview_conversion_rate', 'profile_strength_score', 'machine_learning_score', 'english_exam_score', 'open_source_contribution_count', 'leadership_score', 'department', 'portfolio_score', 'real_client_project_count', 'github_avg_stars', 'github_repo_count', 'bootcamp_count', 'frontend_score', 'application_year', 'technical_interview_score', 'linkedin_profile_score', 'university_tier', 'std_social_score', 'certification_count', 'sql_score', 'avg_social_score', 'target_role', 'graduation_year', 'github_impact', 'hackathon_award_ratio', 'freelance_project_count', 'hr_interview_score', 'interviews_attended', 'devops_score', 'project_quality_score', 'max_social_score', 'presentation_score']",,"{'n_estimators': 300, 'max_leaf_nodes': 29813, 'n_jobs': -1, 'bootstrap': True, 'max_features': 0.75, 'min_samples_leaf': 4, 'random_state': 0}",{'n_estimators': 115},"{'max_memory_usage_ratio': 1.0, 'max_time_limit_ratio': 1.0, 'max_time_limit': None, 'min_time_limit': 0, 'valid_raw_types': ['bool', 'int', 'float', 'category'], 'valid_special_types': None, 'ignored_type_group_special': None, 'ignored_type_group_raw': None, 'get_features_kwargs': None, 'get_features_kwargs_extra': None, 'predict_1_batch_size': None, 'temperature_scalar': None}",[],"['RandomForest_r34_BAG_L2', 'RandomForestMSE_BAG_L2', 'RandomForest_r195_BAG_L2', 'WeightedEnsemble_L2', 'ExtraTrees_r42_BAG_L2', 'ExtraTrees_r178_BAG_L2', 'ExtraTrees_r172_BAG_L2', 'ExtraTrees_r4_BAG_L2', 'RandomForest_r15_BAG_L2', 'WeightedEnsemble_L3', 'RandomForest_r39_BAG_L2', 'RandomForest_r127_BAG_L2', 'ExtraTrees_r126_BAG_L2', 'RandomForest_r166_BAG_L2', 'ExtraTrees_r49_BAG_L2']"
RandomForest_r15_BAG_L1,-9.934002050679691,root_mean_squared_error,0.23559856414794922,4.453942537307739,0.23559856414794922,4.453942537307739,1,True,8,61,1,1,28096011,28096011,28096011,28096011,0,14,StackerEnsembleModel,RFModel,root_mean_squared_error,"{'use_orig_features': True, 'valid_stacker': True, 'max_base_models': 0, 'max_base_models_per_type': 'auto', 'save_bag_folds': True, 'stratify': 'auto', 'bin': 'auto', 'n_bins': None, 'vary_seed_across_folds': False, 'use_child_oof': True, 'fold_fitting_strategy': 'sequential', 'model_random_seed': 0}",{},"{'max_memory_usage_ratio': 1.0, 'max_time_limit_ratio': 1.0, 'max_time_limit': None, 'min_time_limit': 0, 'valid_raw_types': None, 'valid_special_types': None, 'ignored_type_group_special': None, 'ignored_type_group_raw': None, 'get_features_kwargs': None, 'get_features_kwargs_extra': None, 'predict_1_batch_size': None, 'temperature_scalar': None, 'drop_unique': False}","['cv_quality_score', 'max_tech_score', 'avg_tech_score', 'backend_score', 'hobby', 'avg_interview_score', 'teamwork_score', 'communication_score', 'interview_score_diff', 'hackathon_count', 'cgpa', 'num_low_tech_scores', 'total_practical_experience', 'failed_courses_count', 'problem_solving_score', 'attendance_rate', 'preferred_social_media_platform', 'coding_score', 'age', 'data_structures_score', 'hackathon_awards', 'applications_sent', 'internship_count', 'min_tech_score', 'std_tech_score', 'cloud_score', 'num_high_tech_scores', 'academic_perf_index', 'internship_duration_months', 'interview_conversion_rate', 'profile_strength_score', 'machine_learning_score', 'english_exam_score', 'open_source_contribution_count', 'leadership_score', 'department', 'portfolio_score', 'real_client_project_count', 'github_avg_stars', 'github_repo_count', 'bootcamp_count', 'frontend_score', 'application_year', 'technical_interview_score', 'linkedin_profile_score', 'university_tier', 'std_social_score', 'certification_count', 'sql_score', 'avg_social_score', 'target_role', 'graduation_year', 'github_impact', 'hackathon_award_ratio', 'freelance_project_count', 'hr_interview_score', 'interviews_attended', 'devops_score', 'project_quality_score', 'max_social_score', 'presentation_score']",,"{'n_estimators': 300, 'max_leaf_nodes': 36230, 'n_jobs': -1, 'bootstrap': True, 'max_features': 0.75, 'min_samples_leaf': 3, 'random_state': 0}",{'n_estimators': 114},"{'max_memory_usage_ratio': 1.0, 'max_time_limit_ratio': 1.0, 'max_time_limit': None, 'min_time_limit': 0, 'valid_raw_types': ['bool', 'int', 'float', 'category'], 'valid_special_types': None, 'ignored_type_group_special': None, 'ignored_type_group_raw': None, 'get_features_kwargs': None, 'get_features_kwargs_extra': None, 'predict_1_batch_size': None, 'temperature_scalar': None}",[],"['RandomForest_r34_BAG_L2', 'RandomForestMSE_BAG_L2', 'RandomForest_r195_BAG_L2', 'ExtraTrees_r178_BAG_L2', 'ExtraTrees_r42_BAG_L2', 'ExtraTrees_r172_BAG_L2', 'ExtraTrees_r4_BAG_L2', 'RandomForest_r15_BAG_L2', 'WeightedEnsemble_L3', 'RandomForest_r39_BAG_L2', 'RandomForest_r127_BAG_L2', 'ExtraTrees_r126_BAG_L2', 'RandomForest_r166_BAG_L2', 'ExtraTrees_r49_BAG_L2']"
RandomForestMSE_BAG_L1,-9.964999325213414,root_mean_squared_error,0.4899449348449707,10.421008348464966,0.4899449348449707,10.421008348464966,1,True,1,61,1,1,100428347,100428347,100428347,100428347,0,14,StackerEnsembleModel,RFModel,root_mean_squared_error,"{'use_orig_features': True, 'valid_stacker': True, 'max_base_models': 0, 'max_base_models_per_type': 'auto', 'save_bag_folds': True, 'stratify': 'auto', 'bin': 'auto', 'n_bins': None, 'vary_seed_across_folds': False, 'use_child_oof': True, 'fold_fitting_strategy': 'sequential', 'model_random_seed': 0}",{},"{'max_memory_usage_ratio': 1.0, 'max_time_limit_ratio': 1.0, 'max_time_limit': None, 'min_time_limit': 0, 'valid_raw_types': None, 'valid_special_types': None, 'ignored_type_group_special': None, 'ignored_type_group_raw': None, 'get_features_kwargs': None, 'get_features_kwargs_extra': None, 'predict_1_batch_size': None, 'temperature_scalar': None, 'drop_unique': False}","['cv_quality_score', 'max_tech_score', 'avg_tech_score', 'backend_score', 'hobby', 'avg_interview_score', 'teamwork_score', 'communication_score', 'interview_score_diff', 'hackathon_count', 'cgpa', 'num_low_tech_scores', 'total_practical_experience', 'failed_courses_count', 'problem_solving_score', 'attendance_rate', 'preferred_social_media_platform', 'coding_score', 'age', 'data_structures_score', 'hackathon_awards', 'applications_sent', 'internship_count', 'min_tech_score', 'std_tech_score', 'cloud_score', 'num_high_tech_scores', 'academic_perf_index', 'internship_duration_months', 'interview_conversion_rate', 'profile_strength_score', 'machine_learning_score', 'english_exam_score', 'open_source_contribution_count', 'leadership_score', 'department', 'portfolio_score', 'real_client_project_count', 'github_avg_stars', 'github_repo_count', 'bootcamp_count', 'frontend_score', 'application_year', 'technical_interview_score', 'linkedin_profile_score', 'university_tier', 'std_social_score', 'certification_count', 'sql_score', 'avg_social_score', 'target_role', 'graduation_year', 'github_impact', 'hackathon_award_ratio', 'freelance_project_count', 'hr_interview_score', 'interviews_attended', 'devops_score', 'project_quality_score', 'max_social_score', 'presentation_score']",,"{'n_estimators': 300, 'max_leaf_nodes': 15000, 'n_jobs': -1, 'bootstrap': True, 'criterion': 'squared_error', 'random_state': 0}",{'n_estimators': 117},"{'max_memory_usage_ratio': 1.0, 'max_time_limit_ratio': 1.0, 'max_time_limit': None, 'min_time_limit': 0, 'valid_raw_types': ['bool', 'int', 'float', 'category'], 'valid_special_types': None, 'ignored_type_group_special': None, 'ignored_type_group_raw': None, 'get_features_kwargs': None, 'get_features_kwargs_extra': None, 'predict_1_batch_size': None, 'temperature_scalar': None}",[],"['RandomForest_r34_BAG_L2', 'RandomForestMSE_BAG_L2', 'RandomForest_r195_BAG_L2', 'ExtraTrees_r178_BAG_L2', 'ExtraTrees_r42_BAG_L2', 'ExtraTrees_r172_BAG_L2', 'ExtraTrees_r4_BAG_L2', 'RandomForest_r15_BAG_L2', 'WeightedEnsemble_L3', 'RandomForest_r39_BAG_L2', 'RandomForest_r127_BAG_L2', 'ExtraTrees_r126_BAG_L2', 'RandomForest_r166_BAG_L2', 'ExtraTrees_r49_BAG_L2']"
ExtraTrees_r4_BAG_L1,-10.115193854929236,root_mean_squared_error,0.4334895610809326,1.6564373970031738,0.4334895610809326,1.6564373970031738,1,True,6,61,1,1,10314064,10314064,10314064,10314064,0,14,StackerEnsembleModel,XTModel,root_mean_squared_error,"{'use_orig_features': True, 'valid_stacker': True, 'max_base_models': 0, 'max_base_models_per_type': 'auto', 'save_bag_folds': True, 'stratify': 'auto', 'bin': 'auto', 'n_bins': None, 'vary_seed_across_folds': False, 'use_child_oof': True, 'fold_fitting_strategy': 'sequential', 'model_random_seed': 0}",{},"{'max_memory_usage_ratio': 1.0, 'max_time_limit_ratio': 1.0, 'max_time_limit': None, 'min_time_limit': 0, 'valid_raw_types': None, 'valid_special_types': None, 'ignored_type_group_special': None, 'ignored_type_group_raw': None, 'get_features_kwargs': None, 'get_features_kwargs_extra': None, 'predict_1_batch_size': None, 'temperature_scalar': None, 'drop_unique': False}","['cv_quality_score', 'max_tech_score', 'avg_tech_score', 'backend_score', 'hobby', 'avg_interview_score', 'teamwork_score', 'communication_score', 'interview_score_diff', 'hackathon_count', 'cgpa', 'num_low_tech_scores', 'total_practical_experience', 'failed_courses_count', 'problem_solving_score', 'attendance_rate', 'preferred_social_media_platform', 'coding_score', 'age', 'data_structures_score', 'hackathon_awards', 'applications_sent', 'internship_count', 'min_tech_score', 'std_tech_score', 'cloud_score', 'num_high_tech_scores', 'academic_perf_index', 'internship_duration_months', 'interview_conversion_rate', 'profile_strength_score', 'machine_learning_score', 'english_exam_score', 'open_source_contribution_count', 'leadership_score', 'department', 'portfolio_score', 'real_client_project_count', 'github_avg_stars', 'github_repo_count', 'bootcamp_count', 'frontend_score', 'application_year', 'technical_interview_score', 'linkedin_profile_score', 'university_tier', 'std_social_score', 'certification_count', 'sql_score', 'avg_social_score', 'target_role', 'graduation_year', 'github_impact', 'hackathon_award_ratio', 'freelance_project_count', 'hr_interview_score', 'interviews_attended', 'devops_score', 'project_quality_score', 'max_social_score', 'presentation_score']",,"{'n_estimators': 300, 'max_leaf_nodes': 19935, 'n_jobs': -1, 'bootstrap': True, 'max_features': 1.0, 'min_samples_leaf': 20, 'random_state': 0}",{'n_estimators': 300},"{'max_memory_usage_ratio': 1.0, 'max_time_limit_ratio': 1.0, 'max_time_limit': None, 'min_time_limit': 0, 'valid_raw_types': ['bool', 'int', 'float', 'category'], 'valid_special_types': None, 'ignored_type_group_special': None, 'ignored_type_group_raw': None, 'get_features_kwargs': None, 'get_features_kwargs_extra': None, 'predict_1_batch_size': None, 'temperature_scalar': None}",[],"['RandomForest_r34_BAG_L2', 'RandomForestMSE_BAG_L2', 'RandomForest_r195_BAG_L2', 'ExtraTrees_r178_BAG_L2', 'ExtraTrees_r42_BAG_L2', 'ExtraTrees_r172_BAG_L2', 'ExtraTrees_r4_BAG_L2', 'RandomForest_r15_BAG_L2', 'WeightedEnsemble_L3', 'RandomForest_r39_BAG_L2', 'RandomForest_r127_BAG_L2', 'ExtraTrees_r126_BAG_L2', 'RandomForest_r166_BAG_L2', 'ExtraTrees_r49_BAG_L2']"
RandomForest_r34_BAG_L1,-10.134962446617523,root_mean_squared_error,0.6177980899810791,7.2095232009887695,0.6177980899810791,7.2095232009887695,1,True,5,61,1,1,5266592,5266592,5266592,5266592,0,0,StackerEnsembleModel,RFModel,root_mean_squared_error,"{'use_orig_features': True, 'valid_stacker': True, 'max_base_models': 0, 'max_base_models_per_type': 'auto', 'save_bag_folds': True, 'stratify': 'auto', 'bin': 'auto', 'n_bins': None, 'vary_seed_across_folds': False, 'use_child_oof': True, 'fold_fitting_strategy': 'sequential', 'model_random_seed': 0}",{},"{'max_memory_usage_ratio': 1.0, 'max_time_limit_ratio': 1.0, 'max_time_limit': None, 'min_time_limit': 0, 'valid_raw_types': None, 'valid_special_types': None, 'ignored_type_group_special': None, 'ignored_type_group_raw': None, 'get_features_kwargs': None, 'get_features_kwargs_extra': None, 'predict_1_batch_size': None, 'temperature_scalar': None, 'drop_unique': False}","['cv_quality_score', 'max_tech_score', 'avg_tech_score', 'backend_score', 'hobby', 'avg_interview_score', 'teamwork_score', 'communication_score', 'interview_score_diff', 'hackathon_count', 'cgpa', 'num_low_tech_scores', 'total_practical_experience', 'failed_courses_count', 'problem_solving_score', 'attendance_rate', 'preferred_social_media_platform', 'coding_score', 'age', 'data_structures_score', 'hackathon_awards', 'applications_sent', 'internship_count', 'min_tech_score', 'std_tech_score', 'cloud_score', 'num_high_tech_scores', 'academic_perf_index', 'internship_duration_months', 'interview_conversion_rate', 'profile_strength_score', 'machine_learning_score', 'english_exam_score', 'open_source_contribution_count', 'leadership_score', 'department', 'portfolio_score', 'real_client_project_count', 'github_avg_stars', 'github_repo_count', 'bootcamp_count', 'frontend_score', 'application_year', 'technical_interview_score', 'linkedin_profile_score', 'university_tier', 'std_social_score', 'certification_count', 'sql_score', 'avg_social_score', 'target_role', 'graduation_year', 'github_impact', 'hackathon_award_ratio', 'freelance_project_count', 'hr_interview_score', 'interviews_attended', 'devops_score', 'project_quality_score', 'max_social_score', 'presentation_score']",,"{'n_estimators': 300, 'max_leaf_nodes': 18242, 'n_jobs': -1, 'bootstrap': True, 'max_features': 0.75, 'min_samples_leaf': 40, 'random_state': 0}",{'n_estimators': 300},"{'max_memory_usage_ratio': 1.0, 'max_time_limit_ratio': 1.0, 'max_time_limit': None, 'min_time_limit': 0, 'valid_raw_types': ['bool', 'int', 'float', 'category'], 'valid_special_types': None, 'ignored_type_group_special': None, 'ignored_type_group_raw': None, 'get_features_kwargs': None, 'get_features_kwargs_extra': None, 'predict_1_batch_size': None, 'temperature_scalar': None}",[],[]
RandomForest_r16_BAG_L1,-10.137112668214359,root_mean_squared_error,0.16743040084838867,3.9810903072357178,0.16743040084838867,3.9810903072357178,1,True,10,61,1,1,42909197,42909197,42909197,42909197,0,0,StackerEnsembleModel,RFModel,root_mean_squared_error,"{'use_orig_features': True, 'valid_stacker': True, 'max_base_models': 0, 'max_base_models_per_type': 'auto', 'save_bag_folds': True, 'stratify': 'auto', 'bin': 'auto', 'n_bins': None, 'vary_seed_across_folds': False, 'use_child_oof': True, 'fold_fitting_strategy': 'sequential', 'model_random_seed': 0}",{},"{'max_memory_usage_ratio': 1.0, 'max_time_limit_ratio': 1.0, 'max_time_limit': None, 'min_time_limit': 0, 'valid_raw_types': None, 'valid_special_types': None, 'ignored_type_group_special': None, 'ignored_type_group_raw': None, 'get_features_kwargs': None, 'get_features_kwargs_extra': None, 'predict_1_batch_size': None, 'temperature_scalar': None, 'drop_unique': False}","['cv_quality_score', 'max_tech_score', 'avg_tech_score', 'backend_score', 'hobby', 'avg_interview_score', 'teamwork_score', 'communication_score', 'interview_score_diff', 'hackathon_count', 'cgpa', 'num_low_tech_scores', 'total_practical_experience', 'failed_courses_count', 'problem_solving_score', 'attendance_rate', 'preferred_social_media_platform', 'coding_score', 'age', 'data_structures_score', 'hackathon_awards', 'applications_sent', 'internship_count', 'min_tech_score', 'std_tech_score', 'cloud_score', 'num_high_tech_scores', 'academic_perf_index', 'internship_duration_months', 'interview_conversion_rate', 'profile_strength_score', 'machine_learning_score', 'english_exam_score', 'open_source_contribution_count', 'leadership_score', 'department', 'portfolio_score', 'real_client_project_count', 'github_avg_stars', 'github_repo_count', 'bootcamp_count', 'frontend_score', 'application_year', 'technical_interview_score', 'linkedin_profile_score', 'university_tier', 'std_social_score', 'certification_count', 'sql_score', 'avg_social_score', 'target_role', 'graduation_year', 'github_impact', 'hackathon_award_ratio', 'freelance_project_count', 'hr_interview_score', 'interviews_attended', 'devops_score', 'project_quality_score', 'max_social_score', 'presentation_score']",,"{'n_estimators': 300, 'max_leaf_nodes': 48136, 'n_jobs': -1, 'bootstrap': True, 'max_features': 1.0, 'min_samples_leaf': 1, 'random_state': 0}",{'n_estimators': 50},"{'max_memory_usage_ratio': 1.0, 'max_time_limit_ratio': 1.0, 'max_time_limit': None, 'min_time_limit': 0, 'valid_raw_types': ['bool', 'int', 'float', 'category'], 'valid_special_types': None, 'ignored_type_group_special': None, 'ignored_type_group_raw': None, 'get_features_kwargs': None, 'get_features_kwargs_extra': None, 'predict_1_batch_size': None, 'temperature_scalar': None}",[],[]
ExtraTrees_r197_BAG_L1,-10.231231467182665,root_mean_squared_error,0.17902612686157227,1.1229267120361328,0.17902612686157227,1.1229267120361328,1,True,9,61,1,1,37311863,37311863,37311863,37311863,0,15,StackerEnsembleModel,XTModel,root_mean_squared_error,"{'use_orig_features': True, 'valid_stacker': True, 'max_base_models': 0, 'max_base_models_per_type': 'auto', 'save_bag_folds': True, 'stratify': 'auto', 'bin': 'auto', 'n_bins': None, 'vary_seed_across_folds': False, 'use_child_oof': True, 'fold_fitting_strategy': 'sequential', 'model_random_seed': 0}",{},"{'max_memory_usage_ratio': 1.0, 'max_time_limit_ratio': 1.0, 'max_time_limit': None, 'min_time_limit': 0, 'valid_raw_types': None, 'valid_special_types': None, 'ignored_type_group_special': None, 'ignored_type_group_raw': None, 'get_features_kwargs': None, 'get_features_kwargs_extra': None, 'predict_1_batch_size': None, 'temperature_scalar': None, 'drop_unique': False}","['cv_quality_score', 'max_tech_score', 'avg_tech_score', 'backend_score', 'hobby', 'avg_interview_score', 'teamwork_score', 'communication_score', 'interview_score_diff', 'hackathon_count', 'cgpa', 'num_low_tech_scores', 'total_practical_experience', 'failed_courses_count', 'problem_solving_score', 'attendance_rate', 'preferred_social_media_platform', 'coding_score', 'age', 'data_structures_score', 'hackathon_awards', 'applications_sent', 'internship_count', 'min_tech_score', 'std_tech_score', 'cloud_score', 'num_high_tech_scores', 'academic_perf_index', 'internship_duration_months', 'interview_conversion_rate', 'profile_strength_score', 'machine_learning_score', 'english_exam_score', 'open_source_contribution_count', 'leadership_score', 'department', 'portfolio_score', 'real_client_project_count', 'github_avg_stars', 'github_repo_count', 'bootcamp_count', 'frontend_score', 'application_year', 'technical_interview_score', 'linkedin_profile_score', 'university_tier', 'std_social_score', 'certification_count', 'sql_score', 'avg_social_score', 'target_role', 'graduation_year', 'github_impact', 'hackathon_award_ratio', 'freelance_project_count', 'hr_interview_score', 'interviews_attended', 'devops_score', 'project_quality_score', 'max_social_score', 'presentation_score']",,"{'n_estimators': 300, 'max_leaf_nodes': 40459, 'n_jobs': -1, 'bootstrap': True, 'max_features': 1.0, 'min_samples_leaf': 1, 'random_state': 0}",{'n_estimators': 43},"{'max_memory_usage_ratio': 1.0, 'max_time_limit_ratio': 1.0, 'max_time_limit': None, 'min_time_limit': 0, 'valid_raw_types': ['bool', 'int', 'float', 'category'], 'valid_special_types': None, 'ignored_type_group_special': None, 'ignored_type_group_raw': None, 'get_features_kwargs': None, 'get_features_kwargs_extra': None, 'predict_1_batch_size': None, 'temperature_scalar': None}",[],"['RandomForest_r34_BAG_L2', 'RandomForestMSE_BAG_L2', 'RandomForest_r195_BAG_L2', 'WeightedEnsemble_L2', 'ExtraTrees_r42_BAG_L2', 'ExtraTrees_r178_BAG_L2', 'ExtraTrees_r172_BAG_L2', 'ExtraTrees_r4_BAG_L2', 'RandomForest_r15_BAG_L2', 'WeightedEnsemble_L3', 'RandomForest_r39_BAG_L2', 'RandomForest_r127_BAG_L2', 'ExtraTrees_r126_BAG_L2', 'RandomForest_r166_BAG_L2', 'ExtraTrees_r49_BAG_L2']"
ExtraTrees_r126_BAG_L1,-10.819707620290865,root_mean_squared_error,1.0882692337036133,1.8328790664672852,1.0882692337036133,1.8328790664672852,1,True,11,61,1,1,89547780,89547780,89547780,89547780,0,0,StackerEnsembleModel,XTModel,root_mean_squared_error,"{'use_orig_features': True, 'valid_stacker': True, 'max_base_models': 0, 'max_base_models_per_type': 'auto', 'save_bag_folds': True, 'stratify': 'auto', 'bin': 'auto', 'n_bins': None, 'vary_seed_across_folds': False, 'use_child_oof': True, 'fold_fitting_strategy': 'sequential', 'model_random_seed': 0}",{},"{'max_memory_usage_ratio': 1.0, 'max_time_limit_ratio': 1.0, 'max_time_limit': None, 'min_time_limit': 0, 'valid_raw_types': None, 'valid_special_types': None, 'ignored_type_group_special': None, 'ignored_type_group_raw': None, 'get_features_kwargs': None, 'get_features_kwargs_extra': None, 'predict_1_batch_size': None, 'temperature_scalar': None, 'drop_unique': False}","['cv_quality_score', 'max_tech_score', 'avg_tech_score', 'backend_score', 'hobby', 'avg_interview_score', 'teamwork_score', 'communication_score', 'interview_score_diff', 'hackathon_count', 'cgpa', 'num_low_tech_scores', 'total_practical_experience', 'failed_courses_count', 'problem_solving_score', 'attendance_rate', 'preferred_social_media_platform', 'coding_score', 'age', 'data_structures_score', 'hackathon_awards', 'applications_sent', 'internship_count', 'min_tech_score', 'std_tech_score', 'cloud_score', 'num_high_tech_scores', 'academic_perf_index', 'internship_duration_months', 'interview_conversion_rate', 'profile_strength_score', 'machine_learning_score', 'english_exam_score', 'open_source_contribution_count', 'leadership_score', 'department', 'portfolio_score', 'real_client_project_count', 'github_avg_stars', 'github_repo_count', 'bootcamp_count', 'frontend_score', 'application_year', 'technical_interview_score', 'linkedin_profile_score', 'university_tier', 'std_social_score', 'certification_count', 'sql_score', 'avg_social_score', 'target_role', 'graduation_year', 'github_impact', 'hackathon_award_ratio', 'freelance_project_count', 'hr_interview_score', 'interviews_attended', 'devops_score', 'project_quality_score', 'max_social_score', 'presentation_score']",,"{'n_estimators': 300, 'max_leaf_nodes': 29702, 'n_jobs': -1, 'bootstrap': True, 'max_features': 'sqrt', 'min_samples_leaf': 2, 'random_state': 0}",{'n_estimators': 232},"{'max_memory_usage_ratio': 1.0, 'max_time_limit_ratio': 1.0, 'max_time_limit': None, 'min_time_limit': 0, 'valid_raw_types': ['bool', 'int', 'float', 'category'], 'valid_special_types': None, 'ignored_type_group_special': None, 'ignored_type_group_raw': None, 'get_features_kwargs': None, 'get_features_kwargs_extra': None, 'predict_1_batch_size': None, 'temperature_scalar': None}",[],[]
